name,totalCash,ebitda,totalDebt,totalRevenue,totalEsg
KAR,148700000,376000000,2266800128,2305299968,18.16
SIX,79396000,492056992,2580016896,1395170048,25.66
BBBY,135270000,-347430016,3585850112,6829706240,17.94
MD,100064000,249632992,814136000,1956706944,23.38
MLCO,1646321024,-45224500,7757163008,1698045952,20.28
FL,386000000,1016000000,3289999872,8769999872,14.39
VFC,552811008,1569250048,7073433088,11791243264,12.84
LVS,5836000256,299000000,15292999680,4000999936,17.69
PRGO,490400000,458200000,4333700096,4343799808,36.23
BAM,12204999680,22538000384,199639007232,88874999808,18.02
STX,761000000,1968999936,6248999936,10581000192,10.66
EL,3980999936,4272999936,7760000000,17737000960,25.91
NEE.MX,2860999936,6594999808,63582998528,17489000448,27.53
FM.TO,1788999936,3860000000,7118000128,7800000000,41.03
XOM,18861000704,69707997184,46883000320,354955984896,36.47
VZ,2147000064,43941998592,178638995456,135651000320,18.48
KO,13219999744,13413999616,41190998016,42342998016,22.56
PG,6710000128,21364000768,33002999808,80460996608,26.61
CVX,12369999872,47274999808,26235000832,206099005440,37.61
CRM,13532999680,2464999936,14318999552,29319999488,13.18
NKE,11875999744,7078000128,12590999552,47148998656,16.95
HON,7965000192,8600000512,16984999936,34936999936,29.31
TRV,4700000256,5215000064,7290999808,36259000320,20.52
HD,1259000064,26941999104,47906000896,155239006208,12.54
MRK,10129000448,23480999936,31662999552,57168998400,21.84
BA,14257000448,-2323000064,57218998272,61420998656,34.68
CSCO,19267000320,15902000128,10561000448,51556999168,12.07
UNH,42526998528,29351000064,48667000832,315117993984,17.54
0Y2S.IL,1090200064,2407600128,4836499968,14835000320,16.12
LHL.F,4008218112,4153511936,3853313024,71644585984,15.25
0HW4.L,483000000,21088000000,96282001408,53155999744,26.53
0IQE.L,458344992,300083008,1473675008,3488854016,25.94
0R2O.IL,8577999872,10014000128,10689999872,23185999872,31.94
DYH.TI,1151000064,8531999744,17930999808,107855003648,14.72
VFP.TI,552811008,1569250048,7073433088,11791243264,12.84
ORLY,67060000,3309366016,6540541952,14056859648,13.03
BKNG,11866000384,4499999744,9795999744,14645999616,22.33
KHC,1518000000,6017999872,21127000064,25632000000,35.3
SBUX,3254400000,6354800128,23899099136,31982800896,24.83
LULU,498831008,1777988992,954124032,7061324800,16.06
CTSH,2320000000,3492000000,1571000064,19253000192,14.38
MNST,2469830912,1690171008,37949000,6009434112,28.03
AEP,767299968,6895099904,38233100288,17916700672,25.81
TMUS,3151000064,25785999360,112075997184,80229998592,26.07
ISRG,4319000064,1992700032,0,6117899776,23.74
FISV,3055000064,5936999936,21514999808,17008000000,18.34
CTAS,74558000,1924286976,3169617920,8123962880,18.81
PEP,6742000128,15155999744,39245000704,83643998208,15.94
EXC,816000000,7249999872,38686998528,37261000704,24.39
AVGO,9976999936,18162999296,39495000064,31680000000,22.41
DLTR,688899968,2913700096,9987099648,27169400832,15.08
TSLA,21106999296,15978000384,5873999872,74863001600,28.54
NVDA,17036999680,10680000512,11836999680,29738000384,13.45
LUV,16430999552,2345999872,12001000448,21152000000,32.39
ALB,930595968,1349634944,3594650112,4332090880,28.8
GPS,708000000,374000000,6408999936,15802000384,15.18
NFLX,6113733120,6021976064,16432181248,31472814080,16.25
NCLH,1903238016,-1684441984,13951964160,2349638912,26.61
MRVL,617100032,1690205056,4769999872,5517983232,20.13
AMZN,58661998592,51548999680,128251002880,502190997504,30.28
IONS,2038461952,13976000,1253132032,848809024,29.27
JWN,494000000,1314000000,4632000000,15788000256,15.75
LUV.MX,16430999552,2345999872,12001000448,21152000000,32.39
OXY1.MX,1362000000,18882000896,23437000704,33730000896,43.23
BHC.TO,659000000,3040000000,21813999616,8192000000,32.96
TL0.DE,21106999296,15978000384,5873999872,74863001600,28.54
AAPL,48230998016,129556996096,119691001856,387541991424,16.68
PFE,33312000000,43520999424,40490000384,101275000832,25.34
DIS,12958999552,11925999616,51602001920,81106001920,14.88
WBA,2484000000,5321999872,36413001728,132703002624,18.29
INTC,27043999744,25333000192,35429998592,73394003968,17.26
AMGN,7183000064,13178000384,36522000384,26383998976,22.04
0EV1.L,7071000064,-2585999872,35285999616,9617000448,23.69
TL0.F,21106999296,15978000384,5873999872,74863001600,28.54
TSLA.MI,21106999296,15978000384,5873999872,74863001600,28.54
0L8F.L,16430999552,2345999872,12001000448,21152000000,32.39
0VFA.L,838000000,2195000064,14513000448,6130999808,24.21
0HJH.L,483000000,887000000,1844999936,8625999872,16.95
NVDA-U.TI,17036999680,10680000512,11836999680,29738000384,13.45
GOOGL,124997001216,96886996992,28810000384,278139011072,24.14
NXPI,3544999936,4552000000,11160000512,12348000256,21.6
REGN,7566400000,7376799744,2700699904,14226799616,18.15
KLAC,2953520128,4323971072,6312749056,9852469248,16.91
PANW,3634500096,31400000,4015200000,5501499904,14.17
SGEN,1850322048,-666995968,63905000,1777873024,27.13
LRCX,4377050112,6037045248,5003472896,17996695552,13.66
BIIB,4911099904,3490599936,6633999872,10363199488,21.05
QCOM,6848000000,16792999936,15544999936,42140999680,16.59
MCHP,379100000,3314899968,7596599808,7215099904,30.92
ILMN,1327000064,824000000,2590000128,4693000192,11.2
DXCM,2754800128,373500000,2137500032,2673400064,23.72
ADBE,5763999744,6728000000,4640999936,17191000064,12.46
PYPL,9306000384,4638000128,11381000192,26389000192,15.99
ADI,1524960000,5415524864,6252838912,11105805312,23.78
ADSK,1524999936,990099968,3044999936,4744399872,16.07
COST,11048999936,9692999680,10906000384,226954002432,24.19
META,40489000960,48033001472,16679000064,119409999872,32.54
SNPS,1531158016,1326562048,669059968,4949668864,13.45
PAYX,1230000000,2082800000,879100032,4735000064,17.59
VRTX,9253399552,3277400064,847299968,8350400000,23.07
CPRT,1384236032,1503796992,119473000,3500921088,18.15
WDAY,6292966912,174480000,4428022784,5673859072,13.09
EA,2416000000,1762000000,2244000000,7207000064,10.36
FTNT,1754899968,821800000,989400000,3815699968,19.1
ROST,3903670016,2373242112,5627428864,18511298560,15.93
FAST,231500000,1597100032,808899968,6816900096,26.4
EBAY,3232000000,3073999872,8320000000,10019000320,17.11
INTU,3280999936,3240000000,7539999744,12725999616,16.2
PCAR,4762899968,3444600064,11758300160,27376300032,27.77
CHTR,483000000,21088000000,96282001408,53155999744,26.53
MU,9331000320,16824999936,7576000000,30758000640,17.44
ANSS,517635008,672422976,885523968,1995762048,13.05
MAR,546000000,2952999936,9836000256,4538999808,21.89
CSGP,4774465024,611323008,1022953024,2115840000,26.68
ON,1826400000,2814799872,3493700096,7618200064,26.51
ANET,2901902080,1193032960,51793000,3502113024,16.4
CMXHF,10436400128,3324900096,9657799680,10561899520,24.44
SYK,1127000064,4547999744,13852000256,17628999680,28.52
ZTS,2752000000,3251000064,6757000192,7994999808,18.47
BSX,276000000,3343000064,9329000448,12567000064,26.33
HCA,999000000,11973000192,39472001024,59799998464,28.24
HUM,18190000128,4871000064,13221999616,90511998976,22.37
BDX,2572000000,5456000000,16364999680,20074999808,26.74
MCK,2232999936,3384999936,7432000000,268446007296,15.17
IQV,1360999936,2760000000,12652999680,14307000320,19.24
CNC,17178000384,6576000000,21564000256,133307998208,20.83
A,1076999936,1922000000,3072999936,6658999808,15.33
EW,1515800064,1782300032,682800000,5354999808,19.39
ABC,3034233088,3580100096,7357447168,236325273600,12.32
RMD,273710016,1124349952,917550016,3578127104,26.41
ZBH,427500000,2431200000,6152999936,7916499968,27.3
CAH,4717000192,2356000000,5848000000,181363998720,12.28
LH,1068800000,3480100096,6371200000,15715200000,19.04
WAT,419793984,998001984,1570210048,2900572928,17.01
BMRN,1273767936,109156000,1082033024,2008311040,26.02
DGX,700000000,2304000000,4640000000,10293999616,20.9
COO,246300000,901900032,3132999936,3219399936,19.5
INCY,2722425088,797299008,43562000,3320472064,23.8
PKI,360860000,1728636032,4671483904,5020020224,18.36
BIO,1855682944,659187968,1197720064,2804730112,16.87
UTHR,2255200000,939100032,800000000,1788700032,25.96
SNNUF,516000000,1196000000,2892999936,5213000192,25.02
QGEN,1311017984,855550976,1935522048,2261046016,15.51
HSIC,108000000,1086736000,1208000000,12718020608,13.48
UHS,74571000,1653912960,5167391232,13227640832,32.9
CCL,7071000064,-2585999872,35285999616,9617000448,23.69
T,2423000064,52962000896,152491999232,155318992896,22.07
RIG,729000000,867000000,7223000064,2524999936,24.83
LUMN,360000000,7418999808,28521000960,19022000128,24.01
ET,353000000,11392000000,48951001088,81757003776,49.15
GOLD,5779999744,6193999872,5144000000,11847999488,34.87
FCX,8577999872,10014000128,10689999872,23185999872,31.94
GM,30311000064,17329000448,112607002624,147210993664,30.89
TAL,2892135936,45649000,177922000,3230009088,15.55
SQ,4959463936,-159262000,5283556864,16288405504,18.77
HBI,247922000,942000000,4132909056,6631522816,14.51
M,300000000,2929999872,6002999808,25926000640,16.81
CSX,2399000064,7272999936,18050000896,14549999616,20.09
MRO,1166000000,4760000000,4131000064,7125000192,42.05
KMI,525000000,6028000256,32163000320,19046000640,18.55
DAL,8368000000,4472000000,31936000000,46617001984,26.13
UAA,1049412992,665966976,1455105024,5683466240,16.32
DVN,3300000000,8915000320,6745999872,17478000640,34.64
SLB,3608999936,5407000064,13351000064,26438000640,21.93
CTRA,1059000000,5171999744,3420000000,7347999744,46.16
NEM,4358000128,4039000064,6173000192,12366000128,20.33
UAL,18695000064,3088999936,38376001536,40746999808,30.1
HAL,1976999936,3545999872,8954000384,18992001024,23.8
HPE,2777999872,4655000064,13953999872,27978999808,11.94
LTM.SN,1133627008,-21524000,11801578496,7309112832,22.57
ENELAM.SN,2291766016,3800136960,8883213312,16626359296,15.82
CEMEXCPO.MX,489697984,1862082048,8729083904,15202463744,29.03
ABX.TO,5779999744,6193999872,5144000000,11847999488,34.87
S32.AX,2364999936,4131000064,1827000064,9452000256,23.92
BHP.AX,17539000320,37647998976,18251999232,65410998272,26.57
FMG.AX,5224000000,10501999616,6103000064,17390000128,24.84
WDS.AX,5107999744,6048999936,6998000128,10268000256,31.03
S32.XA,2364999936,4131000064,1827000064,9452000256,23.92
NTR.TO,711000000,10992000000,11703000064,34611998720,27.51
ATD.TO,2217600000,4727900160,9359399936,67888701440,22.23
WPM.TO,448625984,818934016,2443000,1157319040,7.87
JNJ,32568000512,31648000000,32597000192,96041000960,25.08
WMT,13923000320,34586001408,67207999488,587823972352,24.63
MTS.MC,4456999936,20999000064,8787999744,85012996096,37.28
BP.L,33237999616,36898000896,60921999360,202318004224,32.67
GLEN.L,2881999872,26653999104,31199000576,244381007872,36.03
SHELL.AS,38969999360,64382001152,83740999680,329585000448,34.84
TTE.PA,40711000064,55345000448,63230001152,238762999808,29.63
STM.PA,3443000064,4442999808,2692999936,14136000512,18.16
TTE.L,40711000064,55345000448,63230001152,238762999808,29.63
PRU.L,6415000064,1864000000,5919000064,1872999936,15.71
1928.HK,766000000,-163000000,8659999744,2168999936,18.19
0981.HK,14861279232,3349313024,7254923776,6740419072,31.38
0288.HK,1061000000,2555000064,4463000064,27360000000,36.08
STM.MI,3443000064,4442999808,2692999936,14136000512,18.16
CNHI.MI,2569999872,3536000000,21183000576,34885001216,16.61
TEN.MI,1196397952,2197340928,857286976,8978421760,21.65
VRSK,484600000,1403900032,3746500096,3046799872,20.01
H78.SI,746700032,906400000,6808200192,2392499968,17.56
D01.SI,219100000,346500000,4028199936,8961699840,32.26
C07.SI,4084900096,3408600064,6349400064,20081500160,42.63
J36.SI,7328000000,5494000128,20491999232,35861999616,50.44
MO,2567000064,12314999808,27680000000,20726999040,23.99
BRK-B,105411002368,26516000768,119081000960,289370996736,16.02
DELL,5506999808,8753999872,27836999680,106956996608,16.22
GE,16193000448,7414000128,32910000128,75071995904,40.71
ORCL,11219999744,18404999168,91576999936,44157001728,13.92
TGT,1151000064,8531999744,17930999808,107855003648,14.72
BMY,13265999872,20383000576,43050999808,46738001920,22.83
COP,8181000192,30218000384,16970999808,66889998336,34.86
ABT,9290000384,13121000448,16840999936,45029998592,24.98
HPQ,5385999872,6422000128,12259999744,64857001984,10.93
DUK,725000000,11816999936,71238000640,26585999360,27.63
ABBV,9962999808,27170000896,73187999744,57349001216,27.84
CVS,14993000448,18834999296,74171998208,306933006336,22.86
AIG,11543000064,21824999424,28437999616,57486999552,25.32
PM,5368000000,13646000128,27221000192,31714000896,23.79
LOW,2148000000,14312999936,33660999680,95391997952,11.49
LMT,2430000128,8622999552,11480000512,64722001920,28.36
MDT,8872999936,8760999936,23210000384,31069999104,22.66
LLY,2766000128,10424000512,16904200192,29070700544,32.4
DD,1439000064,4151000064,11729999872,17127999488,28.95
AA,1432000000,2892000000,1726000000,13127999488,24.78
BBY,965000000,3248000000,4048999936,49251000320,14.26
WM,137000000,5342000128,14062999552,19441000448,16.73
DE,3792000000,9032999936,51746000896,48327000064,16.64
FDX,6849999872,9678999552,37645000704,94750998528,20.45
CHK,17000000,2883000064,3091000064,11196999680,42.5
KMB,362000000,3307000064,8846999552,20175998976,22.05
PRU,27459000320,3983000064,34148999168,64300998656,16.21
GIS,594400000,3761499904,11561900032,19170500608,21.51
YUM,412000000,2232000000,12373000192,6679000064,20.55
MET,28622000128,5432000000,102809001984,68306001920,14.95
EMR,2528999936,4244000000,12131999744,19215998976,29.47
CL,1057000000,4192000000,7986999808,17699999744,22.12
NEE,2860999936,6594999808,63582998528,17489000448,27.53
D,2316000000,7329999872,45823000576,14931000320,25.38
ED,1132999936,4694000128,26229999616,14503000064,23.09
ADM,1204000000,5277000192,9742000128,98706997248,36.4
AFL,6867999744,5594999808,11018999808,21344999424,17.3
PSX,2808999936,7176000000,14033000448,147602997248,29.35
GD,2496000000,5321999872,13121999872,38848000000,34.88
JNPR,1057100032,724300032,1719000064,5152300032,16.6
CMG,783900992,1326909952,3729167872,8414686208,24.19
NUE,3427290112,12868270080,6710672896,43152924672,32.28
HSY,339721984,2561741056,5343383040,9724770304,27.21
CLX,183000000,942000000,3155000064,7106999808,21.08
K,380000000,2449999872,7704000000,14577999872,26.84
IP,977000000,2963000064,5955999744,20625999872,23.82
ACN,7893806080,10405497856,3325755904,61594304512,9.71
NOC,1168999936,8757000192,14501999616,34957000704,27.4
CMI,2998000128,3111000064,4974000128,24789000192,19.36
JCI,1506000000,3847000064,10776999936,24966000640,14.7
WMB,133000000,4374000128,22715000832,10894000128,23.5
CAG,67400000,1833400064,9042199552,11786900480,32.76
NSC,1214000000,6069000192,15068000256,12359999488,22.73
RCL,2102205056,-1732205056,23846017024,4682677760,21.34
MGM,5784173056,2185917952,33734037504,11768908800,25.17
NOV,1218000000,363000000,2379000064,6133000192,33.04
AKAM,690689024,1207662976,3224013056,3572669952,19.63
NTAP,3446000128,1376999936,2964999936,6451999744,15.51
GRMN,1461042944,1239206016,100181000,4945520128,18.54
APD,3335899904,3719699968,7667700224,11969699840,10.81
ECL,124900000,2726099968,9187200000,13532699648,24.09
NTR,711000000,10992000000,11703000064,34611998720,27.51
SCCO,2355699968,6132499968,7433099776,10575299584,31.56
SHW,130500000,3328399872,12445200384,21680500736,28.63
IFF,569000000,2627000064,12862000128,12634999808,22.31
PPG,1098000000,2160999936,7600999936,17656999936,24.33
LYB,1073000000,8736000000,13210000384,53525000192,24.59
VMC,120700000,1510800000,4825099776,6617800192,29.02
FNV,910600000,1127399936,0,1332899968,9.01
AEM,830160000,2369880064,1470534016,5262226944,27.6
FMC,609200000,1384199936,4042099968,5410699776,33.16
MLM,772099968,1522400000,5455000064,5539100160,32.15
WPM,448625984,818934016,2443000,1157319040,7.87
STLD,2003708032,6130141184,3035070976,22745143296,32.21
WLK,1316999936,4911000064,5361999872,15100999680,31.74
CE,790000000,2528999936,4095000064,9564999680,29.27
RPM,197574000,868422016,3093120000,6989627904,41.44
EMN,470000000,2286000128,5192999936,10912000000,24.36
ICL,516000000,3196000000,2756999936,9233000448,27.11
ASH,629000000,521000000,1420000000,2350000128,35.89
AXTA,524500000,743500032,3729999872,4784900096,25.84
EXP,84140000,664155008,1169869952,2042513024,36.67
SMG,35800000,559699968,3767099904,4168199936,36.08
NEU,71972000,396628992,1072158016,2658807040,36.14
OMC,3293400064,2360199936,6377999872,14276700160,18.18
LSXMK,494000000,2548000000,13902999552,8919000064,14.75
IPG,1983399936,1666899968,4676100096,9447799808,15.15
LBRDK,301000000,271000000,4064000000,976000000,22.06
LBTYA,4106700032,2480399872,15536700416,7429700096,23.69
PARAA,4036999936,3388999936,17323999232,29717000192,15.27
NWSA,1883000064,1418000000,4155000064,10385000448,11.24
DISH,2754159104,3367656960,23493978112,17436876800,21.44
Z,3543000064,-176424992,1890000000,10885376000,24.25
IAC,1826516992,92028000,2729867008,4771436032,26.94
TGNA,200770000,999425984,3153043968,3090138112,14.28
AZO,314148000,3712952064,9513777152,16252229632,11.34
TJX,3531212032,5483106816,12634299392,49635741696,14.43
HLT,1282000000,2108000000,9516999680,3440999936,17.53
LEN,1360414976,7312348160,5722698752,31930202112,23.06
GPC,629198016,2103517056,4042791936,21375531008,12.64
QSR,838000000,2195000064,14513000448,6130999808,24.21
TSCO,211240992,1755756032,4058746112,13517626368,13.76
ROL,121876000,556840000,399054016,2634776064,20.25
DRI,377500000,1474200064,5961099776,9770099712,28.06
ULTA,434225984,1736653952,1856696064,9368176640,15.46
DPZ,114776000,796225024,5384150016,4488139776,31.02
MGA,1664000000,3200999936,5077000192,36032999424,18.9
LKQ,265000000,1705592960,3681999872,13171504128,12.87
EXPE,5593999872,1198000000,7061000192,10670999552,25.43
NVR,1748505984,2167959040,1005420992,10072314880,20.75
SCI,206242000,1419830016,4017714944,4180884992,17.01
CCK,368000000,312000000,6886000128,12984999936,9.81
PHM,234484000,3223401984,2811749120,15416174592,20.87
BWA,1240999936,2119000064,4136000000,15347999744,13.44
TPR,953200000,1413900032,3264900096,6684499968,13.51
KMX,56772000,1418429952,19454164992,35037179904,11.97
BBWI,452000000,2179000064,6065999872,7776000000,15.74
AAP,240551008,1059585024,4048299008,11057840128,12.97
HAS,551600000,994499968,3969999872,6191600128,9.36
CPRI,221000000,1172000000,3283000064,5760999936,16.19
SEE,281200000,1151600000,3731500032,5773799936,20.8
WHR,1794000000,2128999936,5677000192,20615999488,15.8
LEA,831299968,1200899968,3281499904,19427399680,12.51
RL,1776899968,1008300032,2810599936,6332800000,13.18
ALV,483000000,887000000,1844999936,8625999872,16.95
MAT,349000000,1042104000,2854000128,5827640832,15.33
HOG,1730249984,1068486016,7171207168,5629280768,16.24
MHK,488985984,1888003968,2968721920,11746605056,14.05
PII,325900000,955400000,2240199936,8982800384,11.1
SON,174996000,952916992,3430428928,6538694144,18.23
IGT,673000000,1363000064,6695000064,4105999872,17.34
GIL,145856992,721212992,947617984,3256283904,10.17
PVH,699299968,1158499968,3678299904,9016899584,15.58
THO,311552992,1817074944,1816355968,16312524800,29.21
SIG,851699968,938099968,1354300032,7942300160,15.14
GT,1248000000,2099000064,9454000128,20107999232,19.95
TRIP,1045000000,69000000,939000000,1223000064,25.35
SABR,992977024,-359876000,4749846016,2184165120,22.37
DG,326263008,3802796032,15492726784,35346350080,17.11
BF-B,899000000,1370000000,2248000000,4033999872,22.26
HRL,868657984,1551616000,3320567040,12630081536,27.86
STZ,165100000,3532100096,10950200320,9441399808,25.79
MKC,343900000,1136899968,5392600064,6385099776,26.53
BG,1046000000,2935000064,6135000064,67255001088,34.44
CPB,109000000,1595000064,5049999872,8561999872,22.56
TSN,1056000000,7098999808,8328000000,52356001792,36.67
SJM,151600000,1548800000,4811200000,8013899776,30.92
CHD,639699968,1170499968,2982599936,5302400000,19.66
TAP,442100000,1839000064,6946800128,10578199552,21.47
COTY,240900000,856300032,4795599872,5304399872,32.7
INGR,322000000,917000000,2391000064,7454000128,28.55
EDU,4190957056,-352384000,680411008,3105245952,15.66
NWL,323000000,1390000000,5878000128,10513999872,14.35
HLF,581800000,707800000,3046200064,5477400064,30.49
EOG,3072999936,11370000384,5306999808,26659999744,36.25
MPC,13319000064,15813999616,28043999232,160240992256,28.7
HES,2384000000,5225999872,9070000128,10378000384,31.91
OKE,159996992,3265833984,13877478400,21397995520,23.98
TRGP,154000000,2412999936,7460800000,20916000768,33.98
RRC,157144000,2035748992,2397282048,4759960064,33.07
HP,332993984,271088992,542289984,1771419008,23.8
WFRD,933000000,687000000,2380000000,4087000064,22.75
CB,6662000128,5878000128,17453000704,40241000448,23.85
BLK,6207000064,7407000064,8455000064,18641999872,20.57
SPGI,3571000064,4720000000,11548999680,9557999616,14.31
MMC,802000000,5705999872,13283999744,20835000320,19.45
PGR,4237600000,1899900032,6387400192,48608600064,20.87
CME,2221400064,3303399936,3436300032,4948499968,14.59
ICE,830000000,4552000000,18379999232,7354999808,16.34
MCO,1744999936,2438000128,8206000128,5717000192,10.59
AJG,553699968,2193299968,6549499904,8259999744,21.75
AMP,7818999808,4286000128,3023000064,14435999744,22.61
NDAQ,430000000,1959000064,5827999744,6111000064,11.93
ACGL,2754439936,1279622016,2725153024,8855909376,21.2
TROW,2116000000,3662899968,307000000,7291800064,17.05
HIG,2782000128,3470000128,4375000064,22230999040,16.17
WRB,2458606080,1706286976,3048242944,10730925056,21.95
PFG,3675200000,5649200128,4803200000,17283500032,17.22
MKL,5754387968,565961984,4502237184,10843901952,29.52
CINF,1098000000,784000000,885000000,7143000064,25.62
BRO,590700032,1088546944,4299299840,3408498944,21.36
ERIE,147474000,391440512,40000000,2722022912,26.95
L,5288000000,2383000064,9281999872,13822000128,16.48
BEN,3806299904,2472499968,3937499904,8517300224,18.18
AFG,996000000,1486000000,1676999936,6472000000,29.09
CNA,1674000000,1431000064,2780000000,11824000000,28.48
FNF,4428000256,3527000064,3523000064,14494999552,23.94
RGA,2828000000,509500000,3819000064,16218999808,22.48
UNM,1487500032,1689299968,3473100032,11972200448,20.03
RNR,19614855168,-926628992,1173511936,4771969024,26.28
IVZ,1023600000,1729799936,1487100032,6368900096,20.42
SEIC,791436992,577302016,29563000,2036097024,18.96
AIZ,1361500032,918499968,2128800000,10205100032,24.59
VOYA,1196999936,998499968,3907000064,6442999808,24.86
AMG,673400000,1005800000,2793600000,2478400000,20.72
WU,1201900032,1343900032,2695300096,4865099776,13.72
LNC,5566000128,1422000000,7395999744,19634999296,16.91
AXS,1290580992,298424992,1415977984,5081005056,22.91
TMO,2919000064,12353999872,29159999488,44167000064,13.52
ELV,35901001728,10142999552,23953999872,153251004416,11.48
CI,5175000064,10227000320,33930999808,179182993408,11.65
JAZZ,771265024,1506422016,6114341888,3481445120,26.48
DVA,363094016,2296616960,12267238400,11626598400,22.72
XRAY,374000000,917000000,2376000000,4188999936,16.03
ALKS,580966976,803000,410312992,1173368064,25.79
BHC,659000000,3040000000,21813999616,8192000000,32.96
ITW,774000000,4073999872,7628000256,15640000512,19.6
TRI,636000000,1716999936,4068000000,6524000256,9.17
TT,1090200064,2407600128,4836499968,14835000320,16.12
ROP,1894499968,2348600064,6659500032,6141499904,22.9
RSG,119400000,3597900032,12296500224,12270499840,21.33
AME,348652992,1722955008,2676724992,5917502976,24.08
WCN,220356000,2061345024,5831933952,6684176896,19.95
ROK,489100000,1369900032,4432399872,7441900032,19.68
TDG,3811000064,2368000000,19901999104,5198000128,38.98
URI,76000000,3552000000,10540000256,11121999872,18.45
EFX,241700000,1691200000,5882100224,5177500160,25.76
GPN,1933638016,3592250112,12633877504,8833477632,19.18
CNHI,2569999872,3536000000,21183000576,34885001216,16.61
JBHT,84334000,1986075008,1589821056,14661348352,14.32
WAB,501000000,1475000064,4513999872,7954999808,23.25
DOV,306001984,1647888000,3631522048,8358141952,25.09
PWR,150652992,1290370944,4136877056,15474343936,35.02
XYL,1112999936,785000000,2471000064,5224000000,15.95
EXPD,1976971008,2221786880,502924992,18983213056,15.78
IEX,726000000,859600000,1299100032,3086000128,27.05
BAH,497828000,938963968,3069146112,8624234496,16.49
AER,1325307008,2724567040,48094597120,5868888064,20.34
NDSN,128737000,737038976,926897024,2505944064,26.66
J,1102284032,1527069056,4379145216,14628264960,22.37
AVY,128200000,1381500032,3132800000,9196600320,15.35
ACM,1010721984,862451008,2968567040,13075835904,26.19
TTC,231564000,608518016,1132211968,4303332864,21.44
SNA,759200000,1319500032,1259699968,4793500160,30.79
HUBB,379400000,813200000,1441299968,4828400128,25.29
GGG,414827008,615489024,139799008,2128094976,31.91
ARMK,442684992,1191522944,8551502848,15487430656,26.47
CHRW,238924992,1475206016,2622060032,26379970560,20.17
UHAL,3133229056,2346480128,6304841216,5864731136,22.92
ALLE,282200000,632800000,2227099904,3119600128,23.59
AOS,459400000,732000000,331100000,3853700096,24.2
LECO,152796000,655614976,883547008,3545742080,22.57
LII,62700000,677100032,1902499968,4404400128,21.87
RHI,590908992,1049555968,250591008,7281033216,9.26
MIDD,168036992,776614016,2719760896,3692238080,30.96
DCI,193300000,541400000,692800000,3306599936,33.18
AYI,223200000,604499968,513000000,4006099968,21.0
FLR,2193999872,339500000,1160999936,11825879040,32.38
SRCL,45900000,387200000,2071399936,2650200064,25.41
MSM,43537000,545638016,860768000,3691892992,17.93
MAN,527500000,762400000,1113100032,20400599040,9.95
FLS,458344992,300083008,1473675008,3488854016,25.94
SPR,770200000,63500000,3854000128,4482699776,32.44
EQIX,1891310976,2461144064,16328885248,6557643776,11.79
PLD,636281984,4173039104,18139299840,5913782784,8.51
PSA,1013886016,2814520064,7340903936,3910157056,12.3
SPG,541240000,3706455040,25388408832,5196355072,14.21
SBAC,183067008,1588640000,14784181248,2456344064,11.58
EQR,44788000,1637086976,7807738880,2680606976,11.09
CBRE,1125010944,2337412096,4237189888,31183974400,6.99
ARE,533824000,1498679040,10934878208,2499095040,14.78
DLR,176968992,2137593984,17122221056,4512797184,13.02
AVB,173640000,1498929024,8167711744,2455747072,10.53
VTR,127073000,1581080064,12522381312,4018578944,12.75
EXR,90065000,1252521984,6626032128,1794791936,13.94
UDR,1532000,894553024,5816425984,1480583936,12.31
PEAK,74642000,1037753984,6654874112,1980973952,9.73
ESS,53569000,1082488064,6235043840,1641636992,12.8
GLPI,59026000,1145085952,6362228224,1273632000,17.59
IRM,144746000,1643239040,12713230336,4827315200,14.58
WPC,104098000,1234029952,6765627904,1365132032,16.37
HST,699000000,1196000000,4784000000,4297999872,13.78
CPT,72095000,749475968,3746449920,1294412032,15.87
BXP,375774016,1783675008,14285971456,3027078912,12.43
REG,122012000,839171008,3952179968,1272066048,10.88
BPYPP,2175000064,5265999872,54778998784,8931000320,22.41
LAMR,91686000,858867008,4451225088,1945192960,16.54
FRT,180455008,631694976,4174195968,1027772992,12.42
JLL,568000000,1581100032,3655800064,12593300480,7.47
BRX,19624000,761064000,5190740992,1190264064,12.23
VNO,1062436992,850683008,9171511296,1843747968,12.98
DEI,449964000,585596032,5200521216,959206016,18.05
SITC,20883000,403092000,1859394944,614486976,15.77
MAC,106384000,430956992,4663293952,837612992,11.86
SVC,635203968,474108992,6449650176,1768014976,20.14
AIV,133085000,66291000,1283981056,191278000,18.66
VMW,3241999872,2937999872,12256000000,13143000064,15.35
APH,1252000000,2938299904,4753200128,12410600448,21.58
MSI,717000000,2236000000,6415000064,8458999808,13.75
FIS,1944000000,4158000128,18545000448,14387999744,18.08
IT,360472992,1188072960,3202151936,5101865984,21.78
CDW,541600000,1864300032,7219299840,22931800064,9.14
KEYS,1847000064,1578000000,2024000000,5271000064,9.42
VRSN,996899968,952342976,1786800000,1373376000,21.35
FTV,705299968,1432600064,3558899968,5672099840,35.01
BR,225300000,1223900032,4066200064,5709100032,16.49
CHKP,1614300032,903299968,0,2290500096,23.08
TER,776056000,1052740992,133742000,3308254976,15.86
SPLK,1743393024,-643564992,4075521024,3038704128,17.81
PTC,322326016,490766016,1619920000,1906077056,19.11
FLT,1426759936,1622040064,6875653120,3208250880,17.85
LDOS,339000000,1468000000,5792999936,14065000448,11.5
TRMB,350100000,781800000,1408499968,3762299904,12.98
SSNC,438300000,1805100032,7546100224,5182300160,22.22
DOX,850273024,873958976,859897984,4497502208,12.61
FLEX,2647000064,1486899968,4594999808,27046000640,5.97
QRVO,858790976,1461730048,2047908992,4570720768,29.08
OTEX,1700040960,995235008,4474641920,3493843968,17.05
ARW,225596000,2149995008,3482537984,36063436800,9.94
DXC,2208999936,2963000064,5865999872,15831000064,16.08
IPGP,1234653056,448113984,38645000,1490619008,11.59
AVT,80881000,1202244992,2590033920,25476145152,10.24
NCR,434000000,1140000000,6074999808,7869000192,20.36
SRE,1931000064,4922999808,26318000128,14224000000,24.72
AWK,96000000,1930000000,11708000256,3822000128,27.76
PEG,2207000064,2815000064,21162999808,9347999744,28.46
EIX,122000000,5534000128,31054000128,16606000128,27.43
WEC,30300000,3054200064,15326900224,8984399872,27.52
ES,29540000,3367395072,21423339520,10958657536,19.05
ETR,579889024,3589326080,26850797568,12349111296,29.8
AES,1670000000,3312999936,21376000000,11736000512,34.15
AEE,7000000,2760999936,14611000320,6672000000,29.44
CNP,1251000064,2563000064,15031000064,8769999872,25.56
PPL,336000000,2584999936,13713999872,6474999808,33.84
ATO,497392992,1433204992,7960593920,4047418112,34.79
BEP,909000000,2896000000,23441999872,4474999808,16.15
NI,77800000,1819600000,10122000384,5424500224,29.58
PNW,29189000,1636349952,8618126336,3952311040,31.06
WTRG,12976000,928808000,6275765248,2045577984,26.12
UGI,670000000,2740000000,6721999872,9610000384,34.0
NRG,580000000,6167000064,8314999808,28832999424,31.62
